case_study,metric,budget,comparison,n_a,n_b,mean_a,mean_b,normality_a,normality_b,test,statistic,df,p,A12,cohens_d,p_holm,significant
OpenMRS,verified,1x,BRIDGE vs GM,30,30,53,52.73,constant,non-normal,Mann-Whitney U,570,,0.002698,0.6333,,0.01619,True
OpenMRS,verified,1x,BRIDGE vs GS,30,30,53,53,constant,constant,Mann-Whitney U,450,,1,0.5,,1,False
OpenMRS,verified,1x,BRIDGE vs SR,30,29,53,29.07,constant,non-normal,Mann-Whitney U,870,,6.703e-14,1,,6.032e-13,True
OpenMRS,verified,5x,BRIDGE vs GM,30,30,53,53,constant,constant,Mann-Whitney U,450,,1,0.5,,1,False
OpenMRS,verified,5x,BRIDGE vs GS,30,30,53,53,constant,constant,Mann-Whitney U,450,,1,0.5,,1,False
OpenMRS,verified,5x,BRIDGE vs SR,30,29,53,29.34,constant,non-normal,Mann-Whitney U,870,,4.395e-13,1,,3.516e-12,True
OpenMRS,verified,10x,BRIDGE vs GM,30,30,53,53,constant,constant,Mann-Whitney U,450,,1,0.5,,1,False
OpenMRS,verified,10x,BRIDGE vs GS,30,30,53,53,constant,constant,Mann-Whitney U,450,,1,0.5,,1,False
OpenMRS,verified,10x,BRIDGE vs SR,30,29,53,29.72,constant,non-normal,Mann-Whitney U,870,,8.789e-13,1,,6.152e-12,True
Spree,verified,1x,BRIDGE vs GM,30,30,20.8,16,non-normal,constant,Mann-Whitney U,900,,1.548e-13,1,,1.393e-12,True
Spree,verified,1x,BRIDGE vs GS,30,30,20.8,16,non-normal,constant,Mann-Whitney U,900,,1.548e-13,1,,1.393e-12,True
Spree,verified,1x,BRIDGE vs SR,30,30,20.8,16,non-normal,constant,Mann-Whitney U,900,,1.548e-13,1,,1.393e-12,True
Spree,verified,5x,BRIDGE vs GM,30,30,20.77,16,non-normal,constant,Mann-Whitney U,900,,1.969e-13,1,,1.393e-12,True
Spree,verified,5x,BRIDGE vs GS,30,30,20.77,16,non-normal,constant,Mann-Whitney U,900,,1.969e-13,1,,1.393e-12,True
Spree,verified,5x,BRIDGE vs SR,30,30,20.77,16,non-normal,constant,Mann-Whitney U,900,,1.969e-13,1,,1.393e-12,True
Spree,verified,10x,BRIDGE vs GM,30,30,20.7,16,non-normal,constant,Mann-Whitney U,900,,2.9e-13,1,,1.393e-12,True
Spree,verified,10x,BRIDGE vs GS,30,30,20.7,16,non-normal,constant,Mann-Whitney U,900,,2.9e-13,1,,1.393e-12,True
Spree,verified,10x,BRIDGE vs SR,30,30,20.7,16,non-normal,constant,Mann-Whitney U,900,,2.9e-13,1,,1.393e-12,True
jBilling,verified,1x,BRIDGE vs GM,30,30,18,17,constant,constant,Mann-Whitney U,900,,1.685e-14,1,,1.517e-13,True
jBilling,verified,1x,BRIDGE vs GS,30,30,18,17,constant,constant,Mann-Whitney U,900,,1.685e-14,1,,1.517e-13,True
jBilling,verified,1x,BRIDGE vs SR,30,30,18,15,constant,constant,Mann-Whitney U,900,,1.685e-14,1,,1.517e-13,True
jBilling,verified,5x,BRIDGE vs GM,30,30,18,17,constant,constant,Mann-Whitney U,900,,1.685e-14,1,,1.517e-13,True
jBilling,verified,5x,BRIDGE vs GS,30,30,18,17,constant,constant,Mann-Whitney U,900,,1.685e-14,1,,1.517e-13,True
jBilling,verified,5x,BRIDGE vs SR,30,30,18,15,constant,constant,Mann-Whitney U,900,,1.685e-14,1,,1.517e-13,True
jBilling,verified,10x,BRIDGE vs GM,30,30,18,17,constant,constant,Mann-Whitney U,900,,1.685e-14,1,,1.517e-13,True
jBilling,verified,10x,BRIDGE vs GS,30,30,18,17,constant,constant,Mann-Whitney U,900,,1.685e-14,1,,1.517e-13,True
jBilling,verified,10x,BRIDGE vs SR,30,30,18,15,constant,constant,Mann-Whitney U,900,,1.685e-14,1,,1.517e-13,True
OpenMRS,suite_size,1x,BRIDGE vs GM,30,30,7.667,3.667,non-normal,non-normal,Mann-Whitney U,900,,9.374e-12,1,,7.499e-11,True
OpenMRS,suite_size,1x,BRIDGE vs GS,30,30,7.667,4.833,non-normal,non-normal,Mann-Whitney U,885,,6.458e-11,0.9833,,3.875e-10,True
OpenMRS,suite_size,1x,BRIDGE vs SR,30,29,7.667,6,non-normal,non-normal,Mann-Whitney U,733.5,,3.464e-06,0.8431,,6.927e-06,True
OpenMRS,suite_size,5x,BRIDGE vs GM,30,30,3.8,3.367,non-normal,non-normal,Mann-Whitney U,607,,0.009499,0.6744,,0.009499,True
OpenMRS,suite_size,5x,BRIDGE vs GS,30,30,3.8,4.867,non-normal,non-normal,Mann-Whitney U,127,,3.651e-07,0.1411,,1.46e-06,True
OpenMRS,suite_size,5x,BRIDGE vs SR,30,29,3.8,6.069,non-normal,non-normal,Mann-Whitney U,20,,1.267e-10,0.02299,,6.334e-10,True
OpenMRS,suite_size,10x,BRIDGE vs GM,30,30,2.633,3.5,non-normal,non-normal,Mann-Whitney U,142.5,,3.661e-07,0.1583,,1.46e-06,True
OpenMRS,suite_size,10x,BRIDGE vs GS,30,30,2.633,5.133,non-normal,non-normal,Mann-Whitney U,0,,6.705e-12,0,,6.034e-11,True
OpenMRS,suite_size,10x,BRIDGE vs SR,30,29,2.633,6.31,non-normal,non-normal,Mann-Whitney U,0,,1.343e-11,0,,9.402e-11,True
Spree,suite_size,1x,BRIDGE vs GM,30,30,1.333,1.133,non-normal,non-normal,Mann-Whitney U,540,,0.07092,0.6,,0.1418,False
Spree,suite_size,1x,BRIDGE vs GS,30,30,1.333,1.833,non-normal,non-normal,Mann-Whitney U,225,,0.0001017,0.25,,0.0005087,True
Spree,suite_size,1x,BRIDGE vs SR,30,30,1.333,3.033,non-normal,non-normal,Mann-Whitney U,35,,1.766e-10,0.03889,,1.589e-09,True
Spree,suite_size,5x,BRIDGE vs GM,30,30,1.5,1.233,non-normal,non-normal,Mann-Whitney U,570,,0.03431,0.6333,,0.1029,False
Spree,suite_size,5x,BRIDGE vs GS,30,30,1.5,1.933,non-normal,non-normal,Mann-Whitney U,255,,0.0002298,0.2833,,0.0009191,True
Spree,suite_size,5x,BRIDGE vs SR,30,30,1.5,3.033,non-normal,non-normal,Mann-Whitney U,52.5,,8.89e-10,0.05833,,6.223e-09,True
Spree,suite_size,10x,BRIDGE vs GM,30,30,1.333,1.267,non-normal,non-normal,Mann-Whitney U,480,,0.5827,0.5333,,0.5827,False
Spree,suite_size,10x,BRIDGE vs GS,30,30,1.333,1.867,non-normal,non-normal,Mann-Whitney U,210,,3.014e-05,0.2333,,0.0001809,True
Spree,suite_size,10x,BRIDGE vs SR,30,30,1.333,3.033,non-normal,non-normal,Mann-Whitney U,35,,1.766e-10,0.03889,,1.589e-09,True
jBilling,suite_size,1x,BRIDGE vs GM,30,30,1.667,1.533,non-normal,non-normal,Mann-Whitney U,510,,0.2999,0.5667,,0.5999,False
jBilling,suite_size,1x,BRIDGE vs GS,30,30,1.667,1.733,non-normal,non-normal,Mann-Whitney U,420,,0.5827,0.4667,,0.5999,False
jBilling,suite_size,1x,BRIDGE vs SR,30,30,1.667,2.633,non-normal,non-normal,Mann-Whitney U,135,,3.737e-07,0.15,,3.364e-06,True
jBilling,suite_size,5x,BRIDGE vs GM,30,30,2,1.467,constant,non-normal,Mann-Whitney U,690,,3.796e-06,0.7667,,3.009e-05,True
jBilling,suite_size,5x,BRIDGE vs GS,30,30,2,1.667,constant,non-normal,Mann-Whitney U,600,,0.0006178,0.6667,,0.001853,True
jBilling,suite_size,5x,BRIDGE vs SR,30,30,2,2.633,constant,non-normal,Mann-Whitney U,195,,3.762e-06,0.2167,,3.009e-05,True
jBilling,suite_size,10x,BRIDGE vs GM,30,30,2,1.467,constant,non-normal,Mann-Whitney U,690,,3.796e-06,0.7667,,3.009e-05,True
jBilling,suite_size,10x,BRIDGE vs GS,30,30,2,1.633,constant,non-normal,Mann-Whitney U,615,,0.0002853,0.6833,,0.001141,True
jBilling,suite_size,10x,BRIDGE vs SR,30,30,2,2.633,constant,non-normal,Mann-Whitney U,195,,3.762e-06,0.2167,,3.009e-05,True
