case_study,technique,budget,variant,metric,n,mean,sd,distinct_values,shapiro_W,shapiro_p,normality
OpenMRS,BRIDGE,1x,archive,suite_size,30,14.5,1.907,8,0.9566,0.2531,normal
OpenMRS,BRIDGE,1x,archive,verified,30,52.97,0.1826,2,0.1796,7.766e-12,non-normal
OpenMRS,BRIDGE,1x,final,suite_size,30,7.9,1.373,6,0.9074,0.01279,non-normal
OpenMRS,BRIDGE,1x,final,verified,30,53,0,1,,,constant
OpenMRS,BRIDGE,1x,union,suite_size,30,7.667,1.348,6,0.8942,0.00608,non-normal
OpenMRS,BRIDGE,1x,union,verified,30,53,0,1,,,constant
OpenMRS,BRIDGE,5x,archive,suite_size,30,14.77,1.633,8,0.9511,0.1807,normal
OpenMRS,BRIDGE,5x,archive,verified,30,53,0,1,,,constant
OpenMRS,BRIDGE,5x,final,suite_size,30,3.833,0.6989,3,0.8002,6.617e-05,non-normal
OpenMRS,BRIDGE,5x,final,verified,30,53,0,1,,,constant
OpenMRS,BRIDGE,5x,union,suite_size,30,3.8,0.6644,3,0.7892,4.199e-05,non-normal
OpenMRS,BRIDGE,5x,union,verified,30,53,0,1,,,constant
OpenMRS,BRIDGE,10x,archive,suite_size,30,14.5,1.889,8,0.9418,0.1019,normal
OpenMRS,BRIDGE,10x,archive,verified,30,53,0,1,,,constant
OpenMRS,BRIDGE,10x,final,suite_size,30,2.633,0.4901,2,0.6119,1.023e-07,non-normal
OpenMRS,BRIDGE,10x,final,verified,30,53,0,1,,,constant
OpenMRS,BRIDGE,10x,union,suite_size,30,2.633,0.4901,2,0.6119,1.023e-07,non-normal
OpenMRS,BRIDGE,10x,union,verified,30,53,0,1,,,constant
OpenMRS,GS,1x,archive,suite_size,30,4.833,0.6989,3,0.8002,6.617e-05,non-normal
OpenMRS,GS,1x,archive,verified,30,53,0,1,,,constant
OpenMRS,GS,1x,union,suite_size,30,4.833,0.6989,3,0.8002,6.617e-05,non-normal
OpenMRS,GS,1x,union,verified,30,53,0,1,,,constant
OpenMRS,GS,5x,archive,suite_size,30,4.867,0.6288,4,0.7442,7.35e-06,non-normal
OpenMRS,GS,5x,archive,verified,30,53,0,1,,,constant
OpenMRS,GS,5x,union,suite_size,30,4.867,0.6288,4,0.7442,7.35e-06,non-normal
OpenMRS,GS,5x,union,verified,30,53,0,1,,,constant
OpenMRS,GS,10x,archive,suite_size,30,5.133,0.7303,4,0.8342,0.0002952,non-normal
OpenMRS,GS,10x,archive,verified,30,53,0,1,,,constant
OpenMRS,GS,10x,union,suite_size,30,5.133,0.7303,4,0.8342,0.0002952,non-normal
OpenMRS,GS,10x,union,verified,30,53,0,1,,,constant
OpenMRS,GM,1x,archive,suite_size,30,5.733,0.9072,4,0.8444,0.0004747,non-normal
OpenMRS,GM,1x,archive,verified,30,52.6,0.5632,3,0.6693,5.741e-07,non-normal
OpenMRS,GM,1x,final,suite_size,30,3.567,0.5683,3,0.72,3.091e-06,non-normal
OpenMRS,GM,1x,final,verified,30,52.4,0.6215,3,0.7494,8.92e-06,non-normal
OpenMRS,GM,1x,union,suite_size,30,3.667,0.4795,2,0.5966,6.64e-08,non-normal
OpenMRS,GM,1x,union,verified,30,52.73,0.4498,2,0.554,2.094e-08,non-normal
OpenMRS,GM,5x,archive,suite_size,30,5.3,0.9879,4,0.8498,0.0006136,non-normal
OpenMRS,GM,5x,archive,verified,30,53,0,1,,,constant
OpenMRS,GM,5x,final,suite_size,30,3.367,0.4901,2,0.6119,1.023e-07,non-normal
OpenMRS,GM,5x,final,verified,30,51.9,0.3051,2,0.3467,1.783e-10,non-normal
OpenMRS,GM,5x,union,suite_size,30,3.367,0.4901,2,0.6119,1.023e-07,non-normal
OpenMRS,GM,5x,union,verified,30,53,0,1,,,constant
OpenMRS,GM,10x,archive,suite_size,30,5.6,0.8137,4,0.856,0.0008285,non-normal
OpenMRS,GM,10x,archive,verified,30,53,0,1,,,constant
OpenMRS,GM,10x,final,suite_size,30,3.3,0.4661,2,0.5774,3.914e-08,non-normal
OpenMRS,GM,10x,final,verified,30,51.93,0.2537,2,0.2754,4.402e-11,non-normal
OpenMRS,GM,10x,union,suite_size,30,3.5,0.5085,2,0.6382,2.211e-07,non-normal
OpenMRS,GM,10x,union,verified,30,53,0,1,,,constant
OpenMRS,SR,1x,union,suite_size,29,6,0.9636,4,0.8297,0.0002992,non-normal
OpenMRS,SR,1x,union,verified,29,29.07,0.2579,2,0.2812,7.578e-11,non-normal
OpenMRS,SR,5x,union,suite_size,29,6.069,1.067,5,0.8441,0.000577,non-normal
OpenMRS,SR,5x,union,verified,29,29.34,0.5526,3,0.6322,2.568e-07,non-normal
OpenMRS,SR,10x,union,suite_size,29,6.31,1.198,6,0.8337,0.0003573,non-normal
OpenMRS,SR,10x,union,verified,29,29.72,0.7019,3,0.786,4.73e-05,non-normal
Spree,BRIDGE,1x,archive,suite_size,30,5,1.259,6,0.8469,0.0005354,non-normal
Spree,BRIDGE,1x,archive,verified,30,20.6,0.4983,2,0.6236,1.433e-07,non-normal
Spree,BRIDGE,1x,final,suite_size,30,1.067,0.2537,2,0.2754,4.402e-11,non-normal
Spree,BRIDGE,1x,final,verified,30,20.53,0.5074,2,0.6366,2.107e-07,non-normal
Spree,BRIDGE,1x,union,suite_size,30,1.333,0.4795,2,0.5966,6.64e-08,non-normal
Spree,BRIDGE,1x,union,verified,30,20.8,0.4068,2,0.4922,4.432e-09,non-normal
Spree,BRIDGE,5x,archive,suite_size,30,5.433,1.194,5,0.8735,0.002009,non-normal
Spree,BRIDGE,5x,archive,verified,30,20.63,0.4901,2,0.6119,1.023e-07,non-normal
Spree,BRIDGE,5x,final,suite_size,30,1.033,0.1826,2,0.1796,7.766e-12,non-normal
Spree,BRIDGE,5x,final,verified,30,20.23,0.6261,3,0.6608,4.405e-07,non-normal
Spree,BRIDGE,5x,union,suite_size,30,1.5,0.5085,2,0.6382,2.211e-07,non-normal
Spree,BRIDGE,5x,union,verified,30,20.77,0.4302,2,0.5258,1.015e-08,non-normal
Spree,BRIDGE,10x,archive,suite_size,30,5.133,1.252,6,0.912,0.0167,non-normal
Spree,BRIDGE,10x,archive,verified,30,20.57,0.504,2,0.6318,1.823e-07,non-normal
Spree,BRIDGE,10x,final,suite_size,30,1,0,1,,,constant
Spree,BRIDGE,10x,final,verified,30,20.37,0.4901,2,0.6119,1.023e-07,non-normal
Spree,BRIDGE,10x,union,suite_size,30,1.333,0.4795,2,0.5966,6.64e-08,non-normal
Spree,BRIDGE,10x,union,verified,30,20.7,0.4661,2,0.5774,3.914e-08,non-normal
Spree,GS,1x,archive,suite_size,30,1.833,0.379,2,0.4522,1.732e-09,non-normal
Spree,GS,1x,archive,verified,30,16,0,1,,,constant
Spree,GS,1x,union,suite_size,30,1.833,0.379,2,0.4522,1.732e-09,non-normal
Spree,GS,1x,union,verified,30,16,0,1,,,constant
Spree,GS,5x,archive,suite_size,30,1.933,0.2537,2,0.2754,4.402e-11,non-normal
Spree,GS,5x,archive,verified,30,16,0,1,,,constant
Spree,GS,5x,union,suite_size,30,1.933,0.2537,2,0.2754,4.402e-11,non-normal
Spree,GS,5x,union,verified,30,16,0,1,,,constant
Spree,GS,10x,archive,suite_size,30,1.867,0.3457,2,0.4044,5.981e-10,non-normal
Spree,GS,10x,archive,verified,30,16,0,1,,,constant
Spree,GS,10x,union,suite_size,30,1.867,0.3457,2,0.4044,5.981e-10,non-normal
Spree,GS,10x,union,verified,30,16,0,1,,,constant
Spree,GM,1x,archive,suite_size,30,1.533,0.5074,2,0.6366,2.107e-07,non-normal
Spree,GM,1x,archive,verified,30,16,0,1,,,constant
Spree,GM,1x,final,suite_size,30,1.267,0.4498,2,0.554,2.094e-08,non-normal
Spree,GM,1x,final,verified,30,16,0,1,,,constant
Spree,GM,1x,union,suite_size,30,1.133,0.3457,2,0.4044,5.981e-10,non-normal
Spree,GM,1x,union,verified,30,16,0,1,,,constant
Spree,GM,5x,archive,suite_size,30,1.567,0.504,2,0.6318,1.823e-07,non-normal
Spree,GM,5x,archive,verified,30,16,0,1,,,constant
Spree,GM,5x,final,suite_size,30,1.4,0.4983,2,0.6236,1.433e-07,non-normal
Spree,GM,5x,final,verified,30,16,0,1,,,constant
Spree,GM,5x,union,suite_size,30,1.233,0.4302,2,0.5258,1.015e-08,non-normal
Spree,GM,5x,union,verified,30,16,0,1,,,constant
Spree,GM,10x,archive,suite_size,30,1.6,0.4983,2,0.6236,1.433e-07,non-normal
Spree,GM,10x,archive,verified,30,16,0,1,,,constant
Spree,GM,10x,final,suite_size,30,1.4,0.4983,2,0.6236,1.433e-07,non-normal
Spree,GM,10x,final,verified,30,16,0,1,,,constant
Spree,GM,10x,union,suite_size,30,1.267,0.4498,2,0.554,2.094e-08,non-normal
Spree,GM,10x,union,verified,30,16,0,1,,,constant
Spree,SR,1x,union,suite_size,30,3.033,0.7184,3,0.8104,0.0001019,non-normal
Spree,SR,1x,union,verified,30,16,0,1,,,constant
Spree,SR,5x,union,suite_size,30,3.033,0.7184,3,0.8104,0.0001019,non-normal
Spree,SR,5x,union,verified,30,16,0,1,,,constant
Spree,SR,10x,union,suite_size,30,3.033,0.7184,3,0.8104,0.0001019,non-normal
Spree,SR,10x,union,verified,30,16,0,1,,,constant
jBilling,BRIDGE,1x,archive,suite_size,30,2.5,0.82,3,0.6084,9.25e-08,non-normal
jBilling,BRIDGE,1x,archive,verified,30,17.87,0.3457,2,0.4044,5.981e-10,non-normal
jBilling,BRIDGE,1x,final,suite_size,30,1,0,1,,,constant
jBilling,BRIDGE,1x,final,verified,30,17.33,0.4795,2,0.5966,6.64e-08,non-normal
jBilling,BRIDGE,1x,union,suite_size,30,1.667,0.4795,2,0.5966,6.64e-08,non-normal
jBilling,BRIDGE,1x,union,verified,30,18,0,1,,,constant
jBilling,BRIDGE,5x,archive,suite_size,30,2.233,0.5683,3,0.4661,2.393e-09,non-normal
jBilling,BRIDGE,5x,archive,verified,30,17.93,0.2537,2,0.2754,4.402e-11,non-normal
jBilling,BRIDGE,5x,final,suite_size,30,1,0,1,,,constant
jBilling,BRIDGE,5x,final,verified,30,17,0,1,,,constant
jBilling,BRIDGE,5x,union,suite_size,30,2,0,1,,,constant
jBilling,BRIDGE,5x,union,verified,30,18,0,1,,,constant
jBilling,BRIDGE,10x,archive,suite_size,30,2.233,0.5683,3,0.4661,2.393e-09,non-normal
jBilling,BRIDGE,10x,archive,verified,30,17.93,0.2537,2,0.2754,4.402e-11,non-normal
jBilling,BRIDGE,10x,final,suite_size,30,1,0,1,,,constant
jBilling,BRIDGE,10x,final,verified,30,17,0,1,,,constant
jBilling,BRIDGE,10x,union,suite_size,30,2,0,1,,,constant
jBilling,BRIDGE,10x,union,verified,30,18,0,1,,,constant
jBilling,GS,1x,archive,suite_size,30,1.733,0.4498,2,0.554,2.094e-08,non-normal
jBilling,GS,1x,archive,verified,30,17,0,1,,,constant
jBilling,GS,1x,union,suite_size,30,1.733,0.4498,2,0.554,2.094e-08,non-normal
jBilling,GS,1x,union,verified,30,17,0,1,,,constant
jBilling,GS,5x,archive,suite_size,30,1.667,0.4795,2,0.5966,6.64e-08,non-normal
jBilling,GS,5x,archive,verified,30,17,0,1,,,constant
jBilling,GS,5x,union,suite_size,30,1.667,0.4795,2,0.5966,6.64e-08,non-normal
jBilling,GS,5x,union,verified,30,17,0,1,,,constant
jBilling,GS,10x,archive,suite_size,30,1.633,0.4901,2,0.6119,1.023e-07,non-normal
jBilling,GS,10x,archive,verified,30,17,0,1,,,constant
jBilling,GS,10x,union,suite_size,30,1.633,0.4901,2,0.6119,1.023e-07,non-normal
jBilling,GS,10x,union,verified,30,17,0,1,,,constant
jBilling,GM,1x,archive,suite_size,30,1.933,0.3651,3,0.4955,4.808e-09,non-normal
jBilling,GM,1x,archive,verified,30,16.97,0.1826,2,0.1796,7.766e-12,non-normal
jBilling,GM,1x,final,suite_size,30,1.6,0.4983,2,0.6236,1.433e-07,non-normal
jBilling,GM,1x,final,verified,30,17,0,1,,,constant
jBilling,GM,1x,union,suite_size,30,1.533,0.5074,2,0.6366,2.107e-07,non-normal
jBilling,GM,1x,union,verified,30,17,0,1,,,constant
jBilling,GM,5x,archive,suite_size,30,1.933,0.2537,2,0.2754,4.402e-11,non-normal
jBilling,GM,5x,archive,verified,30,17,0,1,,,constant
jBilling,GM,5x,final,suite_size,30,1.5,0.5085,2,0.6382,2.211e-07,non-normal
jBilling,GM,5x,final,verified,30,17,0,1,,,constant
jBilling,GM,5x,union,suite_size,30,1.467,0.5074,2,0.6366,2.107e-07,non-normal
jBilling,GM,5x,union,verified,30,17,0,1,,,constant
jBilling,GM,10x,archive,suite_size,30,1.867,0.4342,3,0.5856,4.897e-08,non-normal
jBilling,GM,10x,archive,verified,30,17,0,1,,,constant
jBilling,GM,10x,final,suite_size,30,1.567,0.504,2,0.6318,1.823e-07,non-normal
jBilling,GM,10x,final,verified,30,17,0,1,,,constant
jBilling,GM,10x,union,suite_size,30,1.467,0.5074,2,0.6366,2.107e-07,non-normal
jBilling,GM,10x,union,verified,30,17,0,1,,,constant
jBilling,SR,1x,union,suite_size,30,2.633,0.6687,4,0.8159,0.0001293,non-normal
jBilling,SR,1x,union,verified,30,15,0,1,,,constant
jBilling,SR,5x,union,suite_size,30,2.633,0.6687,4,0.8159,0.0001293,non-normal
jBilling,SR,5x,union,verified,30,15,0,1,,,constant
jBilling,SR,10x,union,suite_size,30,2.633,0.6687,4,0.8159,0.0001293,non-normal
jBilling,SR,10x,union,verified,30,15,0,1,,,constant
