case_study,technique,budget,run,verified_rules,in_scope_rules,coverage_pct,suite_size_archive,suite_size_final,suite_size_union
jBilling,BRIDGE,1B,1,18,20,90.0,2,1,2
jBilling,BRIDGE,1B,2,18,20,90.0,3,1,2
jBilling,BRIDGE,1B,3,18,20,90.0,2,1,2
jBilling,BRIDGE,1B,4,18,20,90.0,2,1,2
jBilling,BRIDGE,1B,5,18,20,90.0,2,1,2
jBilling,BRIDGE,1B,6,18,20,90.0,2,1,2
jBilling,BRIDGE,1B,7,18,20,90.0,2,1,2
jBilling,BRIDGE,1B,8,18,20,90.0,2,1,2
jBilling,BRIDGE,1B,9,18,20,90.0,2,1,2
jBilling,BRIDGE,1B,10,18,20,90.0,4,1,1
jBilling,BRIDGE,1B,11,18,20,90.0,2,1,2
jBilling,BRIDGE,1B,12,18,20,90.0,2,1,2
jBilling,BRIDGE,1B,13,18,20,90.0,2,1,1
jBilling,BRIDGE,1B,14,18,20,90.0,2,1,2
jBilling,BRIDGE,1B,15,18,20,90.0,3,1,1
jBilling,BRIDGE,1B,16,18,20,90.0,2,1,2
jBilling,BRIDGE,1B,17,18,20,90.0,3,1,1
jBilling,BRIDGE,1B,18,18,20,90.0,2,1,2
jBilling,BRIDGE,1B,19,18,20,90.0,4,1,1
jBilling,BRIDGE,1B,20,18,20,90.0,2,1,2
jBilling,BRIDGE,1B,21,18,20,90.0,2,1,1
jBilling,BRIDGE,1B,22,18,20,90.0,2,1,2
jBilling,BRIDGE,1B,23,18,20,90.0,2,1,1
jBilling,BRIDGE,1B,24,18,20,90.0,4,1,1
jBilling,BRIDGE,1B,25,18,20,90.0,4,1,2
jBilling,BRIDGE,1B,26,18,20,90.0,2,1,2
jBilling,BRIDGE,1B,27,18,20,90.0,4,1,1
jBilling,BRIDGE,1B,28,18,20,90.0,4,1,1
jBilling,BRIDGE,1B,29,18,20,90.0,2,1,2
jBilling,BRIDGE,1B,30,18,20,90.0,2,1,2
jBilling,GM,1B,1,17,20,85.0,2,2,2
jBilling,GM,1B,2,17,20,85.0,2,2,2
jBilling,GM,1B,3,17,20,85.0,2,2,2
jBilling,GM,1B,4,17,20,85.0,2,2,2
jBilling,GM,1B,5,17,20,85.0,2,1,1
jBilling,GM,1B,6,17,20,85.0,2,2,2
jBilling,GM,1B,7,17,20,85.0,2,1,1
jBilling,GM,1B,8,17,20,85.0,2,2,2
jBilling,GM,1B,9,17,20,85.0,2,1,1
jBilling,GM,1B,10,17,20,85.0,1,2,1
jBilling,GM,1B,11,17,20,85.0,2,2,2
jBilling,GM,1B,12,17,20,85.0,2,1,1
jBilling,GM,1B,13,17,20,85.0,2,1,1
jBilling,GM,1B,14,17,20,85.0,2,2,2
jBilling,GM,1B,15,17,20,85.0,2,2,2
jBilling,GM,1B,16,17,20,85.0,2,1,1
jBilling,GM,1B,17,17,20,85.0,2,1,1
jBilling,GM,1B,18,17,20,85.0,2,2,2
jBilling,GM,1B,19,17,20,85.0,2,1,1
jBilling,GM,1B,20,17,20,85.0,2,2,2
jBilling,GM,1B,21,17,20,85.0,2,2,2
jBilling,GM,1B,22,17,20,85.0,2,2,2
jBilling,GM,1B,23,17,20,85.0,2,2,2
jBilling,GM,1B,24,17,20,85.0,2,1,1
jBilling,GM,1B,25,17,20,85.0,1,1,1
jBilling,GM,1B,26,17,20,85.0,1,2,1
jBilling,GM,1B,27,17,20,85.0,3,2,2
jBilling,GM,1B,28,17,20,85.0,2,2,2
jBilling,GM,1B,29,17,20,85.0,2,1,1
jBilling,GM,1B,30,17,20,85.0,2,1,1
jBilling,GS,1B,1,17,20,85.0,2,,2
jBilling,GS,1B,2,17,20,85.0,2,,2
jBilling,GS,1B,3,17,20,85.0,2,,2
jBilling,GS,1B,4,17,20,85.0,1,,1
jBilling,GS,1B,5,17,20,85.0,2,,2
jBilling,GS,1B,6,17,20,85.0,2,,2
jBilling,GS,1B,7,17,20,85.0,2,,2
jBilling,GS,1B,8,17,20,85.0,1,,1
jBilling,GS,1B,9,17,20,85.0,1,,1
jBilling,GS,1B,10,17,20,85.0,2,,2
jBilling,GS,1B,11,17,20,85.0,2,,2
jBilling,GS,1B,12,17,20,85.0,2,,2
jBilling,GS,1B,13,17,20,85.0,1,,1
jBilling,GS,1B,14,17,20,85.0,2,,2
jBilling,GS,1B,15,17,20,85.0,2,,2
jBilling,GS,1B,16,17,20,85.0,2,,2
jBilling,GS,1B,17,17,20,85.0,2,,2
jBilling,GS,1B,18,17,20,85.0,2,,2
jBilling,GS,1B,19,17,20,85.0,2,,2
jBilling,GS,1B,20,17,20,85.0,2,,2
jBilling,GS,1B,21,17,20,85.0,2,,2
jBilling,GS,1B,22,17,20,85.0,2,,2
jBilling,GS,1B,23,17,20,85.0,1,,1
jBilling,GS,1B,24,17,20,85.0,2,,2
jBilling,GS,1B,25,17,20,85.0,2,,2
jBilling,GS,1B,26,17,20,85.0,1,,1
jBilling,GS,1B,27,17,20,85.0,2,,2
jBilling,GS,1B,28,17,20,85.0,2,,2
jBilling,GS,1B,29,17,20,85.0,1,,1
jBilling,GS,1B,30,17,20,85.0,1,,1
jBilling,SR,1B,1,15,20,75.0,,,2
jBilling,SR,1B,2,15,20,75.0,,,3
jBilling,SR,1B,3,15,20,75.0,,,3
jBilling,SR,1B,4,15,20,75.0,,,2
jBilling,SR,1B,5,15,20,75.0,,,3
jBilling,SR,1B,6,15,20,75.0,,,2
jBilling,SR,1B,7,15,20,75.0,,,3
jBilling,SR,1B,8,15,20,75.0,,,4
jBilling,SR,1B,9,15,20,75.0,,,3
jBilling,SR,1B,10,15,20,75.0,,,3
jBilling,SR,1B,11,15,20,75.0,,,3
jBilling,SR,1B,12,15,20,75.0,,,3
jBilling,SR,1B,13,15,20,75.0,,,2
jBilling,SR,1B,14,15,20,75.0,,,2
jBilling,SR,1B,15,15,20,75.0,,,3
jBilling,SR,1B,16,15,20,75.0,,,2
jBilling,SR,1B,17,15,20,75.0,,,3
jBilling,SR,1B,18,15,20,75.0,,,3
jBilling,SR,1B,19,15,20,75.0,,,2
jBilling,SR,1B,20,15,20,75.0,,,3
jBilling,SR,1B,21,15,20,75.0,,,4
jBilling,SR,1B,22,15,20,75.0,,,3
jBilling,SR,1B,23,15,20,75.0,,,2
jBilling,SR,1B,24,15,20,75.0,,,3
jBilling,SR,1B,25,15,20,75.0,,,2
jBilling,SR,1B,26,15,20,75.0,,,2
jBilling,SR,1B,27,15,20,75.0,,,2
jBilling,SR,1B,28,15,20,75.0,,,1
jBilling,SR,1B,29,15,20,75.0,,,3
jBilling,SR,1B,30,15,20,75.0,,,3
OpenMRS,BRIDGE,1B,1,53,55,96.3636,17,8,8
OpenMRS,BRIDGE,1B,2,53,55,96.3636,14,7,6
OpenMRS,BRIDGE,1B,3,53,55,96.3636,17,7,7
OpenMRS,BRIDGE,1B,4,53,55,96.3636,12,6,6
OpenMRS,BRIDGE,1B,5,53,55,96.3636,18,7,7
OpenMRS,BRIDGE,1B,6,53,55,96.3636,17,8,8
OpenMRS,BRIDGE,1B,7,53,55,96.3636,12,7,6
OpenMRS,BRIDGE,1B,8,53,55,96.3636,13,8,7
OpenMRS,BRIDGE,1B,9,53,55,96.3636,13,8,8
OpenMRS,BRIDGE,1B,10,53,55,96.3636,16,9,9
OpenMRS,BRIDGE,1B,11,53,55,96.3636,15,9,8
OpenMRS,BRIDGE,1B,12,53,55,96.3636,16,9,9
OpenMRS,BRIDGE,1B,13,53,55,96.3636,14,8,8
OpenMRS,BRIDGE,1B,14,53,55,96.3636,13,8,8
OpenMRS,BRIDGE,1B,15,53,55,96.3636,13,6,6
OpenMRS,BRIDGE,1B,16,53,55,96.3636,16,11,11
OpenMRS,BRIDGE,1B,17,53,55,96.3636,14,8,8
OpenMRS,BRIDGE,1B,18,53,55,96.3636,16,6,6
OpenMRS,BRIDGE,1B,19,53,55,96.3636,16,7,7
OpenMRS,BRIDGE,1B,20,53,55,96.3636,13,10,10
OpenMRS,BRIDGE,1B,21,53,55,96.3636,16,7,7
OpenMRS,BRIDGE,1B,22,53,55,96.3636,15,7,7
OpenMRS,BRIDGE,1B,23,53,55,96.3636,12,9,8
OpenMRS,BRIDGE,1B,24,53,55,96.3636,15,10,10
OpenMRS,BRIDGE,1B,25,53,55,96.3636,14,8,8
OpenMRS,BRIDGE,1B,26,53,55,96.3636,17,11,10
OpenMRS,BRIDGE,1B,27,53,55,96.3636,14,7,7
OpenMRS,BRIDGE,1B,28,53,55,96.3636,14,7,7
OpenMRS,BRIDGE,1B,29,53,55,96.3636,13,6,6
OpenMRS,BRIDGE,1B,30,53,55,96.3636,10,8,7
OpenMRS,GM,1B,1,53,55,96.3636,5,3,4
OpenMRS,GM,1B,2,53,55,96.3636,6,4,4
OpenMRS,GM,1B,3,53,55,96.3636,6,4,4
OpenMRS,GM,1B,4,52,55,94.5455,6,3,4
OpenMRS,GM,1B,5,53,55,96.3636,7,3,3
OpenMRS,GM,1B,6,53,55,96.3636,7,3,4
OpenMRS,GM,1B,7,53,55,96.3636,6,3,3
OpenMRS,GM,1B,8,53,55,96.3636,6,3,4
OpenMRS,GM,1B,9,53,55,96.3636,5,4,3
OpenMRS,GM,1B,10,53,55,96.3636,5,4,4
OpenMRS,GM,1B,11,53,55,96.3636,7,4,4
OpenMRS,GM,1B,12,53,55,96.3636,7,4,4
OpenMRS,GM,1B,13,53,55,96.3636,6,4,4
OpenMRS,GM,1B,14,52,55,94.5455,5,3,3
OpenMRS,GM,1B,15,52,55,94.5455,5,3,3
OpenMRS,GM,1B,16,52,55,94.5455,5,3,3
OpenMRS,GM,1B,17,53,55,96.3636,5,4,4
OpenMRS,GM,1B,18,53,55,96.3636,5,4,4
OpenMRS,GM,1B,19,52,55,94.5455,6,3,3
OpenMRS,GM,1B,20,53,55,96.3636,6,4,4
OpenMRS,GM,1B,21,52,55,94.5455,7,4,3
OpenMRS,GM,1B,22,53,55,96.3636,5,4,4
OpenMRS,GM,1B,23,53,55,96.3636,7,3,4
OpenMRS,GM,1B,24,53,55,96.3636,6,3,4
OpenMRS,GM,1B,25,53,55,96.3636,5,3,4
OpenMRS,GM,1B,26,52,55,94.5455,3,4,3
OpenMRS,GM,1B,27,52,55,94.5455,6,3,3
OpenMRS,GM,1B,28,53,55,96.3636,5,4,4
OpenMRS,GM,1B,29,53,55,96.3636,6,5,4
OpenMRS,GM,1B,30,53,55,96.3636,6,4,4
OpenMRS,GS,1B,1,53,55,96.3636,5,,5
OpenMRS,GS,1B,2,53,55,96.3636,5,,5
OpenMRS,GS,1B,3,53,55,96.3636,5,,5
OpenMRS,GS,1B,4,53,55,96.3636,4,,4
OpenMRS,GS,1B,5,53,55,96.3636,6,,6
OpenMRS,GS,1B,6,53,55,96.3636,4,,4
OpenMRS,GS,1B,7,53,55,96.3636,5,,5
OpenMRS,GS,1B,8,53,55,96.3636,5,,5
OpenMRS,GS,1B,9,53,55,96.3636,6,,6
OpenMRS,GS,1B,10,53,55,96.3636,5,,5
OpenMRS,GS,1B,11,53,55,96.3636,6,,6
OpenMRS,GS,1B,12,53,55,96.3636,5,,5
OpenMRS,GS,1B,13,53,55,96.3636,4,,4
OpenMRS,GS,1B,14,53,55,96.3636,5,,5
OpenMRS,GS,1B,15,53,55,96.3636,5,,5
OpenMRS,GS,1B,16,53,55,96.3636,5,,5
OpenMRS,GS,1B,17,53,55,96.3636,4,,4
OpenMRS,GS,1B,18,53,55,96.3636,5,,5
OpenMRS,GS,1B,19,53,55,96.3636,4,,4
OpenMRS,GS,1B,20,53,55,96.3636,6,,6
OpenMRS,GS,1B,21,53,55,96.3636,4,,4
OpenMRS,GS,1B,22,53,55,96.3636,5,,5
OpenMRS,GS,1B,23,53,55,96.3636,5,,5
OpenMRS,GS,1B,24,53,55,96.3636,4,,4
OpenMRS,GS,1B,25,53,55,96.3636,6,,6
OpenMRS,GS,1B,26,53,55,96.3636,4,,4
OpenMRS,GS,1B,27,53,55,96.3636,5,,5
OpenMRS,GS,1B,28,53,55,96.3636,5,,5
OpenMRS,GS,1B,29,53,55,96.3636,4,,4
OpenMRS,GS,1B,30,53,55,96.3636,4,,4
OpenMRS,SR,1B,1,29,55,52.7273,,,6
OpenMRS,SR,1B,2,29,55,52.7273,,,6
OpenMRS,SR,1B,3,29,55,52.7273,,,5
OpenMRS,SR,1B,4,29,55,52.7273,,,5
OpenMRS,SR,1B,5,30,55,54.5455,,,5
OpenMRS,SR,1B,6,29,55,52.7273,,,7
OpenMRS,SR,1B,7,29,55,52.7273,,,6
OpenMRS,SR,1B,8,29,55,52.7273,,,5
OpenMRS,SR,1B,9,29,55,52.7273,,,6
OpenMRS,SR,1B,10,29,55,52.7273,,,8
OpenMRS,SR,1B,11,29,55,52.7273,,,6
OpenMRS,SR,1B,12,29,55,52.7273,,,7
OpenMRS,SR,1B,13,30,55,54.5455,,,8
OpenMRS,SR,1B,14,29,55,52.7273,,,5
OpenMRS,SR,1B,15,29,55,52.7273,,,7
OpenMRS,SR,1B,16,29,55,52.7273,,,6
OpenMRS,SR,1B,17,29,55,52.7273,,,5
OpenMRS,SR,1B,18,29,55,52.7273,,,5
OpenMRS,SR,1B,19,29,55,52.7273,,,5
OpenMRS,SR,1B,20,29,55,52.7273,,,7
OpenMRS,SR,1B,21,29,55,52.7273,,,6
OpenMRS,SR,1B,22,29,55,52.7273,,,6
OpenMRS,SR,1B,23,29,55,52.7273,,,6
OpenMRS,SR,1B,24,29,55,52.7273,,,8
OpenMRS,SR,1B,25,29,55,52.7273,,,6
OpenMRS,SR,1B,26,29,55,52.7273,,,6
OpenMRS,SR,1B,27,29,55,52.7273,,,5
OpenMRS,SR,1B,28,29,55,52.7273,,,6
OpenMRS,SR,1B,29,29,55,52.7273,,,5
Spree,BRIDGE,1B,1,21,21,100.0,6,1,1
Spree,BRIDGE,1B,2,21,21,100.0,4,1,1
Spree,BRIDGE,1B,3,21,21,100.0,2,1,1
Spree,BRIDGE,1B,4,21,21,100.0,4,1,1
Spree,BRIDGE,1B,5,20,21,95.2381,5,1,1
Spree,BRIDGE,1B,6,21,21,100.0,4,1,2
Spree,BRIDGE,1B,7,20,21,95.2381,4,1,1
Spree,BRIDGE,1B,8,20,21,95.2381,5,1,1
Spree,BRIDGE,1B,9,21,21,100.0,5,1,1
Spree,BRIDGE,1B,10,21,21,100.0,5,1,1
Spree,BRIDGE,1B,11,21,21,100.0,5,1,1
Spree,BRIDGE,1B,12,21,21,100.0,6,1,1
Spree,BRIDGE,1B,13,20,21,95.2381,5,1,1
Spree,BRIDGE,1B,14,21,21,100.0,6,1,2
Spree,BRIDGE,1B,15,21,21,100.0,1,2,2
Spree,BRIDGE,1B,16,21,21,100.0,5,1,1
Spree,BRIDGE,1B,17,21,21,100.0,7,1,2
Spree,BRIDGE,1B,18,21,21,100.0,5,1,1
Spree,BRIDGE,1B,19,20,21,95.2381,6,1,1
Spree,BRIDGE,1B,20,21,21,100.0,4,2,2
Spree,BRIDGE,1B,21,21,21,100.0,7,1,2
Spree,BRIDGE,1B,22,21,21,100.0,6,1,1
Spree,BRIDGE,1B,23,21,21,100.0,5,1,1
Spree,BRIDGE,1B,24,21,21,100.0,5,1,1
Spree,BRIDGE,1B,25,21,21,100.0,6,1,2
Spree,BRIDGE,1B,26,21,21,100.0,5,1,2
Spree,BRIDGE,1B,27,21,21,100.0,6,1,1
Spree,BRIDGE,1B,28,21,21,100.0,6,1,2
Spree,BRIDGE,1B,29,21,21,100.0,5,1,2
Spree,BRIDGE,1B,30,20,21,95.2381,5,1,1
Spree,GM,1B,1,16,21,76.1905,2,1,1
Spree,GM,1B,2,16,21,76.1905,2,1,1
Spree,GM,1B,3,16,21,76.1905,1,1,1
Spree,GM,1B,4,16,21,76.1905,1,1,1
Spree,GM,1B,5,16,21,76.1905,1,1,1
Spree,GM,1B,6,16,21,76.1905,2,2,2
Spree,GM,1B,7,16,21,76.1905,2,1,1
Spree,GM,1B,8,16,21,76.1905,2,1,1
Spree,GM,1B,9,16,21,76.1905,2,2,2
Spree,GM,1B,10,16,21,76.1905,2,1,1
Spree,GM,1B,11,16,21,76.1905,2,1,1
Spree,GM,1B,12,16,21,76.1905,1,2,1
Spree,GM,1B,13,16,21,76.1905,1,2,1
Spree,GM,1B,14,16,21,76.1905,2,2,2
Spree,GM,1B,15,16,21,76.1905,1,1,1
Spree,GM,1B,16,16,21,76.1905,2,1,1
Spree,GM,1B,17,16,21,76.1905,1,1,1
Spree,GM,1B,18,16,21,76.1905,1,1,1
Spree,GM,1B,19,16,21,76.1905,1,2,1
Spree,GM,1B,20,16,21,76.1905,2,1,1
Spree,GM,1B,21,16,21,76.1905,2,1,1
Spree,GM,1B,22,16,21,76.1905,1,2,1
Spree,GM,1B,23,16,21,76.1905,2,2,2
Spree,GM,1B,24,16,21,76.1905,2,1,1
Spree,GM,1B,25,16,21,76.1905,1,1,1
Spree,GM,1B,26,16,21,76.1905,1,1,1
Spree,GM,1B,27,16,21,76.1905,1,1,1
Spree,GM,1B,28,16,21,76.1905,2,1,1
Spree,GM,1B,29,16,21,76.1905,1,1,1
Spree,GM,1B,30,16,21,76.1905,2,1,1
Spree,GS,1B,1,16,21,76.1905,2,,2
Spree,GS,1B,2,16,21,76.1905,2,,2
Spree,GS,1B,3,16,21,76.1905,2,,2
Spree,GS,1B,4,16,21,76.1905,2,,2
Spree,GS,1B,5,16,21,76.1905,1,,1
Spree,GS,1B,6,16,21,76.1905,2,,2
Spree,GS,1B,7,16,21,76.1905,1,,1
Spree,GS,1B,8,16,21,76.1905,2,,2
Spree,GS,1B,9,16,21,76.1905,2,,2
Spree,GS,1B,10,16,21,76.1905,2,,2
Spree,GS,1B,11,16,21,76.1905,1,,1
Spree,GS,1B,12,16,21,76.1905,2,,2
Spree,GS,1B,13,16,21,76.1905,2,,2
Spree,GS,1B,14,16,21,76.1905,2,,2
Spree,GS,1B,15,16,21,76.1905,2,,2
Spree,GS,1B,16,16,21,76.1905,2,,2
Spree,GS,1B,17,16,21,76.1905,2,,2
Spree,GS,1B,18,16,21,76.1905,1,,1
Spree,GS,1B,19,16,21,76.1905,2,,2
Spree,GS,1B,20,16,21,76.1905,2,,2
Spree,GS,1B,21,16,21,76.1905,2,,2
Spree,GS,1B,22,16,21,76.1905,2,,2
Spree,GS,1B,23,16,21,76.1905,2,,2
Spree,GS,1B,24,16,21,76.1905,1,,1
Spree,GS,1B,25,16,21,76.1905,2,,2
Spree,GS,1B,26,16,21,76.1905,2,,2
Spree,GS,1B,27,16,21,76.1905,2,,2
Spree,GS,1B,28,16,21,76.1905,2,,2
Spree,GS,1B,29,16,21,76.1905,2,,2
Spree,GS,1B,30,16,21,76.1905,2,,2
Spree,SR,1B,1,16,21,76.1905,,,3
Spree,SR,1B,2,16,21,76.1905,,,2
Spree,SR,1B,3,16,21,76.1905,,,3
Spree,SR,1B,4,16,21,76.1905,,,4
Spree,SR,1B,5,16,21,76.1905,,,4
Spree,SR,1B,6,16,21,76.1905,,,2
Spree,SR,1B,7,16,21,76.1905,,,3
Spree,SR,1B,8,16,21,76.1905,,,2
Spree,SR,1B,9,16,21,76.1905,,,3
Spree,SR,1B,10,16,21,76.1905,,,2
Spree,SR,1B,11,16,21,76.1905,,,4
Spree,SR,1B,12,16,21,76.1905,,,3
Spree,SR,1B,13,16,21,76.1905,,,3
Spree,SR,1B,14,16,21,76.1905,,,2
Spree,SR,1B,15,16,21,76.1905,,,3
Spree,SR,1B,16,16,21,76.1905,,,3
Spree,SR,1B,17,16,21,76.1905,,,3
Spree,SR,1B,18,16,21,76.1905,,,2
Spree,SR,1B,19,16,21,76.1905,,,4
Spree,SR,1B,20,16,21,76.1905,,,3
Spree,SR,1B,21,16,21,76.1905,,,3
Spree,SR,1B,22,16,21,76.1905,,,4
Spree,SR,1B,23,16,21,76.1905,,,3
Spree,SR,1B,24,16,21,76.1905,,,3
Spree,SR,1B,25,16,21,76.1905,,,2
Spree,SR,1B,26,16,21,76.1905,,,3
Spree,SR,1B,27,16,21,76.1905,,,4
Spree,SR,1B,28,16,21,76.1905,,,4
Spree,SR,1B,29,16,21,76.1905,,,4
Spree,SR,1B,30,16,21,76.1905,,,3
jBilling,BRIDGE,5B,1,18,20,90.0,2,1,2
jBilling,BRIDGE,5B,2,18,20,90.0,2,1,2
jBilling,BRIDGE,5B,3,18,20,90.0,2,1,2
jBilling,BRIDGE,5B,4,18,20,90.0,2,1,2
jBilling,BRIDGE,5B,5,18,20,90.0,3,1,2
jBilling,BRIDGE,5B,6,18,20,90.0,2,1,2
jBilling,BRIDGE,5B,7,18,20,90.0,2,1,2
jBilling,BRIDGE,5B,8,18,20,90.0,2,1,2
jBilling,BRIDGE,5B,9,18,20,90.0,2,1,2
jBilling,BRIDGE,5B,10,18,20,90.0,2,1,2
jBilling,BRIDGE,5B,11,18,20,90.0,2,1,2
jBilling,BRIDGE,5B,12,18,20,90.0,2,1,2
jBilling,BRIDGE,5B,13,18,20,90.0,4,1,2
jBilling,BRIDGE,5B,14,18,20,90.0,2,1,2
jBilling,BRIDGE,5B,15,18,20,90.0,2,1,2
jBilling,BRIDGE,5B,16,18,20,90.0,2,1,2
jBilling,BRIDGE,5B,17,18,20,90.0,2,1,2
jBilling,BRIDGE,5B,18,18,20,90.0,2,1,2
jBilling,BRIDGE,5B,19,18,20,90.0,2,1,2
jBilling,BRIDGE,5B,20,18,20,90.0,2,1,2
jBilling,BRIDGE,5B,21,18,20,90.0,2,1,2
jBilling,BRIDGE,5B,22,18,20,90.0,2,1,2
jBilling,BRIDGE,5B,23,18,20,90.0,4,1,2
jBilling,BRIDGE,5B,24,18,20,90.0,2,1,2
jBilling,BRIDGE,5B,25,18,20,90.0,3,1,2
jBilling,BRIDGE,5B,26,18,20,90.0,2,1,2
jBilling,BRIDGE,5B,27,18,20,90.0,2,1,2
jBilling,BRIDGE,5B,28,18,20,90.0,3,1,2
jBilling,BRIDGE,5B,29,18,20,90.0,2,1,2
jBilling,BRIDGE,5B,30,18,20,90.0,2,1,2
jBilling,GM,5B,1,17,20,85.0,2,1,1
jBilling,GM,5B,2,17,20,85.0,2,1,1
jBilling,GM,5B,3,17,20,85.0,2,1,1
jBilling,GM,5B,4,17,20,85.0,2,2,2
jBilling,GM,5B,5,17,20,85.0,2,1,1
jBilling,GM,5B,6,17,20,85.0,2,2,2
jBilling,GM,5B,7,17,20,85.0,2,2,2
jBilling,GM,5B,8,17,20,85.0,1,2,1
jBilling,GM,5B,9,17,20,85.0,2,1,1
jBilling,GM,5B,10,17,20,85.0,2,2,2
jBilling,GM,5B,11,17,20,85.0,2,2,2
jBilling,GM,5B,12,17,20,85.0,2,1,1
jBilling,GM,5B,13,17,20,85.0,2,2,2
jBilling,GM,5B,14,17,20,85.0,2,1,1
jBilling,GM,5B,15,17,20,85.0,2,2,2
jBilling,GM,5B,16,17,20,85.0,2,1,1
jBilling,GM,5B,17,17,20,85.0,2,1,1
jBilling,GM,5B,18,17,20,85.0,2,2,2
jBilling,GM,5B,19,17,20,85.0,2,2,2
jBilling,GM,5B,20,17,20,85.0,2,2,2
jBilling,GM,5B,21,17,20,85.0,2,2,2
jBilling,GM,5B,22,17,20,85.0,2,2,2
jBilling,GM,5B,23,17,20,85.0,2,1,1
jBilling,GM,5B,24,17,20,85.0,2,2,2
jBilling,GM,5B,25,17,20,85.0,2,1,1
jBilling,GM,5B,26,17,20,85.0,2,1,1
jBilling,GM,5B,27,17,20,85.0,2,2,2
jBilling,GM,5B,28,17,20,85.0,2,1,1
jBilling,GM,5B,29,17,20,85.0,1,1,1
jBilling,GM,5B,30,17,20,85.0,2,1,1
jBilling,GS,5B,1,17,20,85.0,2,,2
jBilling,GS,5B,2,17,20,85.0,2,,2
jBilling,GS,5B,3,17,20,85.0,2,,2
jBilling,GS,5B,4,17,20,85.0,2,,2
jBilling,GS,5B,5,17,20,85.0,2,,2
jBilling,GS,5B,6,17,20,85.0,2,,2
jBilling,GS,5B,7,17,20,85.0,2,,2
jBilling,GS,5B,8,17,20,85.0,1,,1
jBilling,GS,5B,9,17,20,85.0,2,,2
jBilling,GS,5B,10,17,20,85.0,2,,2
jBilling,GS,5B,11,17,20,85.0,1,,1
jBilling,GS,5B,12,17,20,85.0,2,,2
jBilling,GS,5B,13,17,20,85.0,2,,2
jBilling,GS,5B,14,17,20,85.0,2,,2
jBilling,GS,5B,15,17,20,85.0,2,,2
jBilling,GS,5B,16,17,20,85.0,1,,1
jBilling,GS,5B,17,17,20,85.0,1,,1
jBilling,GS,5B,18,17,20,85.0,1,,1
jBilling,GS,5B,19,17,20,85.0,2,,2
jBilling,GS,5B,20,17,20,85.0,1,,1
jBilling,GS,5B,21,17,20,85.0,2,,2
jBilling,GS,5B,22,17,20,85.0,2,,2
jBilling,GS,5B,23,17,20,85.0,1,,1
jBilling,GS,5B,24,17,20,85.0,1,,1
jBilling,GS,5B,25,17,20,85.0,1,,1
jBilling,GS,5B,26,17,20,85.0,2,,2
jBilling,GS,5B,27,17,20,85.0,1,,1
jBilling,GS,5B,28,17,20,85.0,2,,2
jBilling,GS,5B,29,17,20,85.0,2,,2
jBilling,GS,5B,30,17,20,85.0,2,,2
jBilling,SR,5B,1,15,20,75.0,,,2
jBilling,SR,5B,2,15,20,75.0,,,3
jBilling,SR,5B,3,15,20,75.0,,,3
jBilling,SR,5B,4,15,20,75.0,,,2
jBilling,SR,5B,5,15,20,75.0,,,3
jBilling,SR,5B,6,15,20,75.0,,,2
jBilling,SR,5B,7,15,20,75.0,,,3
jBilling,SR,5B,8,15,20,75.0,,,4
jBilling,SR,5B,9,15,20,75.0,,,3
jBilling,SR,5B,10,15,20,75.0,,,3
jBilling,SR,5B,11,15,20,75.0,,,3
jBilling,SR,5B,12,15,20,75.0,,,3
jBilling,SR,5B,13,15,20,75.0,,,2
jBilling,SR,5B,14,15,20,75.0,,,2
jBilling,SR,5B,15,15,20,75.0,,,3
jBilling,SR,5B,16,15,20,75.0,,,2
jBilling,SR,5B,17,15,20,75.0,,,3
jBilling,SR,5B,18,15,20,75.0,,,3
jBilling,SR,5B,19,15,20,75.0,,,2
jBilling,SR,5B,20,15,20,75.0,,,3
jBilling,SR,5B,21,15,20,75.0,,,4
jBilling,SR,5B,22,15,20,75.0,,,3
jBilling,SR,5B,23,15,20,75.0,,,2
jBilling,SR,5B,24,15,20,75.0,,,3
jBilling,SR,5B,25,15,20,75.0,,,2
jBilling,SR,5B,26,15,20,75.0,,,2
jBilling,SR,5B,27,15,20,75.0,,,2
jBilling,SR,5B,28,15,20,75.0,,,1
jBilling,SR,5B,29,15,20,75.0,,,3
jBilling,SR,5B,30,15,20,75.0,,,3
OpenMRS,BRIDGE,5B,1,53,55,96.3636,16,4,4
OpenMRS,BRIDGE,5B,2,53,55,96.3636,15,3,3
OpenMRS,BRIDGE,5B,3,53,55,96.3636,14,4,4
OpenMRS,BRIDGE,5B,4,53,55,96.3636,17,5,5
OpenMRS,BRIDGE,5B,5,53,55,96.3636,17,4,4
OpenMRS,BRIDGE,5B,6,53,55,96.3636,17,4,4
OpenMRS,BRIDGE,5B,7,53,55,96.3636,18,4,4
OpenMRS,BRIDGE,5B,8,53,55,96.3636,16,4,4
OpenMRS,BRIDGE,5B,9,53,55,96.3636,15,3,3
OpenMRS,BRIDGE,5B,10,53,55,96.3636,15,3,3
OpenMRS,BRIDGE,5B,11,53,55,96.3636,17,3,3
OpenMRS,BRIDGE,5B,12,53,55,96.3636,13,4,4
OpenMRS,BRIDGE,5B,13,53,55,96.3636,15,5,4
OpenMRS,BRIDGE,5B,14,53,55,96.3636,15,3,3
OpenMRS,BRIDGE,5B,15,53,55,96.3636,14,5,5
OpenMRS,BRIDGE,5B,16,53,55,96.3636,15,4,4
OpenMRS,BRIDGE,5B,17,53,55,96.3636,14,5,5
OpenMRS,BRIDGE,5B,18,53,55,96.3636,15,4,4
OpenMRS,BRIDGE,5B,19,53,55,96.3636,14,4,4
OpenMRS,BRIDGE,5B,20,53,55,96.3636,12,5,5
OpenMRS,BRIDGE,5B,21,53,55,96.3636,14,3,3
OpenMRS,BRIDGE,5B,22,53,55,96.3636,15,3,3
OpenMRS,BRIDGE,5B,23,53,55,96.3636,11,4,4
OpenMRS,BRIDGE,5B,24,53,55,96.3636,16,3,3
OpenMRS,BRIDGE,5B,25,53,55,96.3636,13,3,3
OpenMRS,BRIDGE,5B,26,53,55,96.3636,13,3,3
OpenMRS,BRIDGE,5B,27,53,55,96.3636,12,4,4
OpenMRS,BRIDGE,5B,28,53,55,96.3636,15,4,4
OpenMRS,BRIDGE,5B,29,53,55,96.3636,15,4,4
OpenMRS,BRIDGE,5B,30,53,55,96.3636,15,4,4
OpenMRS,GM,5B,1,53,55,96.3636,5,4,4
OpenMRS,GM,5B,2,53,55,96.3636,4,3,3
OpenMRS,GM,5B,3,53,55,96.3636,5,4,4
OpenMRS,GM,5B,4,53,55,96.3636,7,3,4
OpenMRS,GM,5B,5,53,55,96.3636,4,4,3
OpenMRS,GM,5B,6,53,55,96.3636,4,4,3
OpenMRS,GM,5B,7,53,55,96.3636,5,3,4
OpenMRS,GM,5B,8,53,55,96.3636,6,3,4
OpenMRS,GM,5B,9,53,55,96.3636,5,4,4
OpenMRS,GM,5B,10,53,55,96.3636,7,3,3
OpenMRS,GM,5B,11,53,55,96.3636,5,3,4
OpenMRS,GM,5B,12,53,55,96.3636,6,4,3
OpenMRS,GM,5B,13,53,55,96.3636,4,4,3
OpenMRS,GM,5B,14,53,55,96.3636,5,3,3
OpenMRS,GM,5B,15,53,55,96.3636,4,3,3
OpenMRS,GM,5B,16,53,55,96.3636,6,3,3
OpenMRS,GM,5B,17,53,55,96.3636,4,4,3
OpenMRS,GM,5B,18,53,55,96.3636,5,3,4
OpenMRS,GM,5B,19,53,55,96.3636,6,4,3
OpenMRS,GM,5B,20,53,55,96.3636,5,3,3
OpenMRS,GM,5B,21,53,55,96.3636,7,3,3
OpenMRS,GM,5B,22,53,55,96.3636,5,3,4
OpenMRS,GM,5B,23,53,55,96.3636,5,3,3
OpenMRS,GM,5B,24,53,55,96.3636,5,3,3
OpenMRS,GM,5B,25,53,55,96.3636,6,3,3
OpenMRS,GM,5B,26,53,55,96.3636,5,4,3
OpenMRS,GM,5B,27,53,55,96.3636,7,3,4
OpenMRS,GM,5B,28,53,55,96.3636,7,3,3
OpenMRS,GM,5B,29,53,55,96.3636,5,4,4
OpenMRS,GM,5B,30,53,55,96.3636,5,3,3
OpenMRS,GS,5B,1,53,55,96.3636,5,,5
OpenMRS,GS,5B,2,53,55,96.3636,4,,4
OpenMRS,GS,5B,3,53,55,96.3636,5,,5
OpenMRS,GS,5B,4,53,55,96.3636,5,,5
OpenMRS,GS,5B,5,53,55,96.3636,5,,5
OpenMRS,GS,5B,6,53,55,96.3636,5,,5
OpenMRS,GS,5B,7,53,55,96.3636,4,,4
OpenMRS,GS,5B,8,53,55,96.3636,5,,5
OpenMRS,GS,5B,9,53,55,96.3636,5,,5
OpenMRS,GS,5B,10,53,55,96.3636,5,,5
OpenMRS,GS,5B,11,53,55,96.3636,5,,5
OpenMRS,GS,5B,12,53,55,96.3636,5,,5
OpenMRS,GS,5B,13,53,55,96.3636,6,,6
OpenMRS,GS,5B,14,53,55,96.3636,4,,4
OpenMRS,GS,5B,15,53,55,96.3636,5,,5
OpenMRS,GS,5B,16,53,55,96.3636,5,,5
OpenMRS,GS,5B,17,53,55,96.3636,5,,5
OpenMRS,GS,5B,18,53,55,96.3636,5,,5
OpenMRS,GS,5B,19,53,55,96.3636,5,,5
OpenMRS,GS,5B,20,53,55,96.3636,6,,6
OpenMRS,GS,5B,21,53,55,96.3636,4,,4
OpenMRS,GS,5B,22,53,55,96.3636,6,,6
OpenMRS,GS,5B,23,53,55,96.3636,5,,5
OpenMRS,GS,5B,24,53,55,96.3636,5,,5
OpenMRS,GS,5B,25,53,55,96.3636,5,,5
OpenMRS,GS,5B,26,53,55,96.3636,5,,5
OpenMRS,GS,5B,27,53,55,96.3636,5,,5
OpenMRS,GS,5B,28,53,55,96.3636,3,,3
OpenMRS,GS,5B,29,53,55,96.3636,4,,4
OpenMRS,GS,5B,30,53,55,96.3636,5,,5
OpenMRS,SR,5B,1,29,55,52.7273,,,6
OpenMRS,SR,5B,2,30,55,54.5455,,,6
OpenMRS,SR,5B,3,29,55,52.7273,,,5
OpenMRS,SR,5B,4,29,55,52.7273,,,5
OpenMRS,SR,5B,5,31,55,56.3636,,,5
OpenMRS,SR,5B,6,29,55,52.7273,,,7
OpenMRS,SR,5B,7,30,55,54.5455,,,5
OpenMRS,SR,5B,8,29,55,52.7273,,,5
OpenMRS,SR,5B,9,29,55,52.7273,,,6
OpenMRS,SR,5B,10,29,55,52.7273,,,8
OpenMRS,SR,5B,11,29,55,52.7273,,,6
OpenMRS,SR,5B,12,29,55,52.7273,,,7
OpenMRS,SR,5B,13,30,55,54.5455,,,8
OpenMRS,SR,5B,14,29,55,52.7273,,,5
OpenMRS,SR,5B,15,29,55,52.7273,,,7
OpenMRS,SR,5B,16,29,55,52.7273,,,6
OpenMRS,SR,5B,17,30,55,54.5455,,,6
OpenMRS,SR,5B,18,29,55,52.7273,,,5
OpenMRS,SR,5B,19,29,55,52.7273,,,5
OpenMRS,SR,5B,20,29,55,52.7273,,,7
OpenMRS,SR,5B,21,29,55,52.7273,,,6
OpenMRS,SR,5B,22,29,55,52.7273,,,6
OpenMRS,SR,5B,23,30,55,54.5455,,,6
OpenMRS,SR,5B,24,30,55,54.5455,,,9
OpenMRS,SR,5B,25,29,55,52.7273,,,6
OpenMRS,SR,5B,26,30,55,54.5455,,,7
OpenMRS,SR,5B,27,30,55,54.5455,,,5
OpenMRS,SR,5B,28,29,55,52.7273,,,6
OpenMRS,SR,5B,29,29,55,52.7273,,,5
Spree,BRIDGE,5B,1,21,21,100.0,7,1,1
Spree,BRIDGE,5B,2,21,21,100.0,4,1,1
Spree,BRIDGE,5B,3,20,21,95.2381,4,1,1
Spree,BRIDGE,5B,4,21,21,100.0,6,1,2
Spree,BRIDGE,5B,5,21,21,100.0,6,1,2
Spree,BRIDGE,5B,6,21,21,100.0,7,1,2
Spree,BRIDGE,5B,7,21,21,100.0,6,1,1
Spree,BRIDGE,5B,8,21,21,100.0,7,1,2
Spree,BRIDGE,5B,9,21,21,100.0,5,1,2
Spree,BRIDGE,5B,10,21,21,100.0,5,1,2
Spree,BRIDGE,5B,11,20,21,95.2381,4,1,1
Spree,BRIDGE,5B,12,20,21,95.2381,5,1,1
Spree,BRIDGE,5B,13,20,21,95.2381,6,1,1
Spree,BRIDGE,5B,14,21,21,100.0,4,1,1
Spree,BRIDGE,5B,15,21,21,100.0,6,1,1
Spree,BRIDGE,5B,16,20,21,95.2381,6,1,1
Spree,BRIDGE,5B,17,21,21,100.0,7,1,1
Spree,BRIDGE,5B,18,21,21,100.0,6,1,2
Spree,BRIDGE,5B,19,21,21,100.0,3,1,2
Spree,BRIDGE,5B,20,21,21,100.0,5,1,1
Spree,BRIDGE,5B,21,20,21,95.2381,4,2,2
Spree,BRIDGE,5B,22,21,21,100.0,6,1,2
Spree,BRIDGE,5B,23,21,21,100.0,6,1,2
Spree,BRIDGE,5B,24,21,21,100.0,6,1,2
Spree,BRIDGE,5B,25,21,21,100.0,7,1,2
Spree,BRIDGE,5B,26,21,21,100.0,4,1,1
Spree,BRIDGE,5B,27,20,21,95.2381,3,1,1
Spree,BRIDGE,5B,28,21,21,100.0,6,1,2
Spree,BRIDGE,5B,29,21,21,100.0,6,1,2
Spree,BRIDGE,5B,30,21,21,100.0,6,1,1
Spree,GM,5B,1,16,21,76.1905,2,2,2
Spree,GM,5B,2,16,21,76.1905,1,2,1
Spree,GM,5B,3,16,21,76.1905,2,1,1
Spree,GM,5B,4,16,21,76.1905,1,1,1
Spree,GM,5B,5,16,21,76.1905,2,1,1
Spree,GM,5B,6,16,21,76.1905,1,2,1
Spree,GM,5B,7,16,21,76.1905,1,1,1
Spree,GM,5B,8,16,21,76.1905,2,2,2
Spree,GM,5B,9,16,21,76.1905,2,1,1
Spree,GM,5B,10,16,21,76.1905,2,1,1
Spree,GM,5B,11,16,21,76.1905,2,1,1
Spree,GM,5B,12,16,21,76.1905,2,2,2
Spree,GM,5B,13,16,21,76.1905,1,1,1
Spree,GM,5B,14,16,21,76.1905,1,2,1
Spree,GM,5B,15,16,21,76.1905,1,1,1
Spree,GM,5B,16,16,21,76.1905,1,1,1
Spree,GM,5B,17,16,21,76.1905,1,1,1
Spree,GM,5B,18,16,21,76.1905,2,1,1
Spree,GM,5B,19,16,21,76.1905,2,2,2
Spree,GM,5B,20,16,21,76.1905,1,1,1
Spree,GM,5B,21,16,21,76.1905,2,1,1
Spree,GM,5B,22,16,21,76.1905,2,2,2
Spree,GM,5B,23,16,21,76.1905,2,1,1
Spree,GM,5B,24,16,21,76.1905,1,1,1
Spree,GM,5B,25,16,21,76.1905,2,2,2
Spree,GM,5B,26,16,21,76.1905,2,1,1
Spree,GM,5B,27,16,21,76.1905,1,2,1
Spree,GM,5B,28,16,21,76.1905,2,1,1
Spree,GM,5B,29,16,21,76.1905,1,2,1
Spree,GM,5B,30,16,21,76.1905,2,2,2
Spree,GS,5B,1,16,21,76.1905,2,,2
Spree,GS,5B,2,16,21,76.1905,2,,2
Spree,GS,5B,3,16,21,76.1905,2,,2
Spree,GS,5B,4,16,21,76.1905,2,,2
Spree,GS,5B,5,16,21,76.1905,2,,2
Spree,GS,5B,6,16,21,76.1905,2,,2
Spree,GS,5B,7,16,21,76.1905,2,,2
Spree,GS,5B,8,16,21,76.1905,2,,2
Spree,GS,5B,9,16,21,76.1905,2,,2
Spree,GS,5B,10,16,21,76.1905,1,,1
Spree,GS,5B,11,16,21,76.1905,2,,2
Spree,GS,5B,12,16,21,76.1905,2,,2
Spree,GS,5B,13,16,21,76.1905,2,,2
Spree,GS,5B,14,16,21,76.1905,2,,2
Spree,GS,5B,15,16,21,76.1905,2,,2
Spree,GS,5B,16,16,21,76.1905,2,,2
Spree,GS,5B,17,16,21,76.1905,2,,2
Spree,GS,5B,18,16,21,76.1905,1,,1
Spree,GS,5B,19,16,21,76.1905,2,,2
Spree,GS,5B,20,16,21,76.1905,2,,2
Spree,GS,5B,21,16,21,76.1905,2,,2
Spree,GS,5B,22,16,21,76.1905,2,,2
Spree,GS,5B,23,16,21,76.1905,2,,2
Spree,GS,5B,24,16,21,76.1905,2,,2
Spree,GS,5B,25,16,21,76.1905,2,,2
Spree,GS,5B,26,16,21,76.1905,2,,2
Spree,GS,5B,27,16,21,76.1905,2,,2
Spree,GS,5B,28,16,21,76.1905,2,,2
Spree,GS,5B,29,16,21,76.1905,2,,2
Spree,GS,5B,30,16,21,76.1905,2,,2
Spree,SR,5B,1,16,21,76.1905,,,3
Spree,SR,5B,2,16,21,76.1905,,,2
Spree,SR,5B,3,16,21,76.1905,,,3
Spree,SR,5B,4,16,21,76.1905,,,4
Spree,SR,5B,5,16,21,76.1905,,,4
Spree,SR,5B,6,16,21,76.1905,,,2
Spree,SR,5B,7,16,21,76.1905,,,3
Spree,SR,5B,8,16,21,76.1905,,,2
Spree,SR,5B,9,16,21,76.1905,,,3
Spree,SR,5B,10,16,21,76.1905,,,2
Spree,SR,5B,11,16,21,76.1905,,,4
Spree,SR,5B,12,16,21,76.1905,,,3
Spree,SR,5B,13,16,21,76.1905,,,3
Spree,SR,5B,14,16,21,76.1905,,,2
Spree,SR,5B,15,16,21,76.1905,,,3
Spree,SR,5B,16,16,21,76.1905,,,3
Spree,SR,5B,17,16,21,76.1905,,,3
Spree,SR,5B,18,16,21,76.1905,,,2
Spree,SR,5B,19,16,21,76.1905,,,4
Spree,SR,5B,20,16,21,76.1905,,,3
Spree,SR,5B,21,16,21,76.1905,,,3
Spree,SR,5B,22,16,21,76.1905,,,4
Spree,SR,5B,23,16,21,76.1905,,,3
Spree,SR,5B,24,16,21,76.1905,,,3
Spree,SR,5B,25,16,21,76.1905,,,2
Spree,SR,5B,26,16,21,76.1905,,,3
Spree,SR,5B,27,16,21,76.1905,,,4
Spree,SR,5B,28,16,21,76.1905,,,4
Spree,SR,5B,29,16,21,76.1905,,,4
Spree,SR,5B,30,16,21,76.1905,,,3
jBilling,BRIDGE,10B,1,18,20,90.0,2,1,2
jBilling,BRIDGE,10B,2,18,20,90.0,2,1,2
jBilling,BRIDGE,10B,3,18,20,90.0,2,1,2
jBilling,BRIDGE,10B,4,18,20,90.0,4,1,2
jBilling,BRIDGE,10B,5,18,20,90.0,2,1,2
jBilling,BRIDGE,10B,6,18,20,90.0,2,1,2
jBilling,BRIDGE,10B,7,18,20,90.0,2,1,2
jBilling,BRIDGE,10B,8,18,20,90.0,2,1,2
jBilling,BRIDGE,10B,9,18,20,90.0,2,1,2
jBilling,BRIDGE,10B,10,18,20,90.0,2,1,2
jBilling,BRIDGE,10B,11,18,20,90.0,2,1,2
jBilling,BRIDGE,10B,12,18,20,90.0,2,1,2
jBilling,BRIDGE,10B,13,18,20,90.0,2,1,2
jBilling,BRIDGE,10B,14,18,20,90.0,2,1,2
jBilling,BRIDGE,10B,15,18,20,90.0,2,1,2
jBilling,BRIDGE,10B,16,18,20,90.0,2,1,2
jBilling,BRIDGE,10B,17,18,20,90.0,2,1,2
jBilling,BRIDGE,10B,18,18,20,90.0,2,1,2
jBilling,BRIDGE,10B,19,18,20,90.0,2,1,2
jBilling,BRIDGE,10B,20,18,20,90.0,4,1,2
jBilling,BRIDGE,10B,21,18,20,90.0,2,1,2
jBilling,BRIDGE,10B,22,18,20,90.0,2,1,2
jBilling,BRIDGE,10B,23,18,20,90.0,2,1,2
jBilling,BRIDGE,10B,24,18,20,90.0,3,1,2
jBilling,BRIDGE,10B,25,18,20,90.0,2,1,2
jBilling,BRIDGE,10B,26,18,20,90.0,3,1,2
jBilling,BRIDGE,10B,27,18,20,90.0,2,1,2
jBilling,BRIDGE,10B,28,18,20,90.0,2,1,2
jBilling,BRIDGE,10B,29,18,20,90.0,2,1,2
jBilling,BRIDGE,10B,30,18,20,90.0,3,1,2
jBilling,GM,10B,1,17,20,85.0,2,1,1
jBilling,GM,10B,2,17,20,85.0,2,1,1
jBilling,GM,10B,3,17,20,85.0,2,1,1
jBilling,GM,10B,4,17,20,85.0,1,1,1
jBilling,GM,10B,5,17,20,85.0,2,2,2
jBilling,GM,10B,6,17,20,85.0,2,1,1
jBilling,GM,10B,7,17,20,85.0,1,2,1
jBilling,GM,10B,8,17,20,85.0,1,2,1
jBilling,GM,10B,9,17,20,85.0,2,2,2
jBilling,GM,10B,10,17,20,85.0,2,2,2
jBilling,GM,10B,11,17,20,85.0,2,2,2
jBilling,GM,10B,12,17,20,85.0,2,2,2
jBilling,GM,10B,13,17,20,85.0,2,1,1
jBilling,GM,10B,14,17,20,85.0,1,2,1
jBilling,GM,10B,15,17,20,85.0,2,1,1
jBilling,GM,10B,16,17,20,85.0,2,2,2
jBilling,GM,10B,17,17,20,85.0,2,2,2
jBilling,GM,10B,18,17,20,85.0,2,1,1
jBilling,GM,10B,19,17,20,85.0,2,2,2
jBilling,GM,10B,20,17,20,85.0,2,1,1
jBilling,GM,10B,21,17,20,85.0,2,2,2
jBilling,GM,10B,22,17,20,85.0,1,1,1
jBilling,GM,10B,23,17,20,85.0,2,1,1
jBilling,GM,10B,24,17,20,85.0,2,2,2
jBilling,GM,10B,25,17,20,85.0,2,2,2
jBilling,GM,10B,26,17,20,85.0,2,2,2
jBilling,GM,10B,27,17,20,85.0,2,2,2
jBilling,GM,10B,28,17,20,85.0,2,2,2
jBilling,GM,10B,29,17,20,85.0,3,1,1
jBilling,GM,10B,30,17,20,85.0,2,1,1
jBilling,GS,10B,1,17,20,85.0,2,,2
jBilling,GS,10B,2,17,20,85.0,2,,2
jBilling,GS,10B,3,17,20,85.0,1,,1
jBilling,GS,10B,4,17,20,85.0,2,,2
jBilling,GS,10B,5,17,20,85.0,1,,1
jBilling,GS,10B,6,17,20,85.0,1,,1
jBilling,GS,10B,7,17,20,85.0,2,,2
jBilling,GS,10B,8,17,20,85.0,2,,2
jBilling,GS,10B,9,17,20,85.0,2,,2
jBilling,GS,10B,10,17,20,85.0,1,,1
jBilling,GS,10B,11,17,20,85.0,2,,2
jBilling,GS,10B,12,17,20,85.0,1,,1
jBilling,GS,10B,13,17,20,85.0,2,,2
jBilling,GS,10B,14,17,20,85.0,1,,1
jBilling,GS,10B,15,17,20,85.0,2,,2
jBilling,GS,10B,16,17,20,85.0,1,,1
jBilling,GS,10B,17,17,20,85.0,2,,2
jBilling,GS,10B,18,17,20,85.0,2,,2
jBilling,GS,10B,19,17,20,85.0,2,,2
jBilling,GS,10B,20,17,20,85.0,2,,2
jBilling,GS,10B,21,17,20,85.0,1,,1
jBilling,GS,10B,22,17,20,85.0,2,,2
jBilling,GS,10B,23,17,20,85.0,2,,2
jBilling,GS,10B,24,17,20,85.0,1,,1
jBilling,GS,10B,25,17,20,85.0,2,,2
jBilling,GS,10B,26,17,20,85.0,1,,1
jBilling,GS,10B,27,17,20,85.0,1,,1
jBilling,GS,10B,28,17,20,85.0,2,,2
jBilling,GS,10B,29,17,20,85.0,2,,2
jBilling,GS,10B,30,17,20,85.0,2,,2
jBilling,SR,10B,1,15,20,75.0,,,2
jBilling,SR,10B,2,15,20,75.0,,,3
jBilling,SR,10B,3,15,20,75.0,,,3
jBilling,SR,10B,4,15,20,75.0,,,2
jBilling,SR,10B,5,15,20,75.0,,,3
jBilling,SR,10B,6,15,20,75.0,,,2
jBilling,SR,10B,7,15,20,75.0,,,3
jBilling,SR,10B,8,15,20,75.0,,,4
jBilling,SR,10B,9,15,20,75.0,,,3
jBilling,SR,10B,10,15,20,75.0,,,3
jBilling,SR,10B,11,15,20,75.0,,,3
jBilling,SR,10B,12,15,20,75.0,,,3
jBilling,SR,10B,13,15,20,75.0,,,2
jBilling,SR,10B,14,15,20,75.0,,,2
jBilling,SR,10B,15,15,20,75.0,,,3
jBilling,SR,10B,16,15,20,75.0,,,2
jBilling,SR,10B,17,15,20,75.0,,,3
jBilling,SR,10B,18,15,20,75.0,,,3
jBilling,SR,10B,19,15,20,75.0,,,2
jBilling,SR,10B,20,15,20,75.0,,,3
jBilling,SR,10B,21,15,20,75.0,,,4
jBilling,SR,10B,22,15,20,75.0,,,3
jBilling,SR,10B,23,15,20,75.0,,,2
jBilling,SR,10B,24,15,20,75.0,,,3
jBilling,SR,10B,25,15,20,75.0,,,2
jBilling,SR,10B,26,15,20,75.0,,,2
jBilling,SR,10B,27,15,20,75.0,,,2
jBilling,SR,10B,28,15,20,75.0,,,1
jBilling,SR,10B,29,15,20,75.0,,,3
jBilling,SR,10B,30,15,20,75.0,,,3
OpenMRS,BRIDGE,10B,1,53,55,96.3636,16,3,3
OpenMRS,BRIDGE,10B,2,53,55,96.3636,12,3,3
OpenMRS,BRIDGE,10B,3,53,55,96.3636,16,2,2
OpenMRS,BRIDGE,10B,4,53,55,96.3636,16,3,3
OpenMRS,BRIDGE,10B,5,53,55,96.3636,16,3,3
OpenMRS,BRIDGE,10B,6,53,55,96.3636,16,2,2
OpenMRS,BRIDGE,10B,7,53,55,96.3636,15,3,3
OpenMRS,BRIDGE,10B,8,53,55,96.3636,14,3,3
OpenMRS,BRIDGE,10B,9,53,55,96.3636,17,2,2
OpenMRS,BRIDGE,10B,10,53,55,96.3636,17,3,3
OpenMRS,BRIDGE,10B,11,53,55,96.3636,13,2,2
OpenMRS,BRIDGE,10B,12,53,55,96.3636,11,3,3
OpenMRS,BRIDGE,10B,13,53,55,96.3636,13,3,3
OpenMRS,BRIDGE,10B,14,53,55,96.3636,16,3,3
OpenMRS,BRIDGE,10B,15,53,55,96.3636,15,3,3
OpenMRS,BRIDGE,10B,16,53,55,96.3636,16,3,3
OpenMRS,BRIDGE,10B,17,53,55,96.3636,13,2,2
OpenMRS,BRIDGE,10B,18,53,55,96.3636,13,3,3
OpenMRS,BRIDGE,10B,19,53,55,96.3636,15,3,3
OpenMRS,BRIDGE,10B,20,53,55,96.3636,18,3,3
OpenMRS,BRIDGE,10B,21,53,55,96.3636,13,2,2
OpenMRS,BRIDGE,10B,22,53,55,96.3636,14,2,2
OpenMRS,BRIDGE,10B,23,53,55,96.3636,13,3,3
OpenMRS,BRIDGE,10B,24,53,55,96.3636,14,2,2
OpenMRS,BRIDGE,10B,25,53,55,96.3636,11,2,2
OpenMRS,BRIDGE,10B,26,53,55,96.3636,16,3,3
OpenMRS,BRIDGE,10B,27,53,55,96.3636,14,3,3
OpenMRS,BRIDGE,10B,28,53,55,96.3636,17,3,3
OpenMRS,BRIDGE,10B,29,53,55,96.3636,13,2,2
OpenMRS,BRIDGE,10B,30,53,55,96.3636,12,2,2
OpenMRS,GM,10B,1,53,55,96.3636,6,4,4
OpenMRS,GM,10B,2,53,55,96.3636,6,3,4
OpenMRS,GM,10B,3,53,55,96.3636,4,3,3
OpenMRS,GM,10B,4,53,55,96.3636,4,4,3
OpenMRS,GM,10B,5,53,55,96.3636,7,3,3
OpenMRS,GM,10B,6,53,55,96.3636,5,4,4
OpenMRS,GM,10B,7,53,55,96.3636,6,3,3
OpenMRS,GM,10B,8,53,55,96.3636,7,3,3
OpenMRS,GM,10B,9,53,55,96.3636,6,3,3
OpenMRS,GM,10B,10,53,55,96.3636,4,3,3
OpenMRS,GM,10B,11,53,55,96.3636,5,3,4
OpenMRS,GM,10B,12,53,55,96.3636,5,3,4
OpenMRS,GM,10B,13,53,55,96.3636,6,3,4
OpenMRS,GM,10B,14,53,55,96.3636,6,4,4
OpenMRS,GM,10B,15,53,55,96.3636,5,3,3
OpenMRS,GM,10B,16,53,55,96.3636,6,3,3
OpenMRS,GM,10B,17,53,55,96.3636,6,4,3
OpenMRS,GM,10B,18,53,55,96.3636,5,4,4
OpenMRS,GM,10B,19,53,55,96.3636,5,3,4
OpenMRS,GM,10B,20,53,55,96.3636,6,3,3
OpenMRS,GM,10B,21,53,55,96.3636,6,3,3
OpenMRS,GM,10B,22,53,55,96.3636,6,3,4
OpenMRS,GM,10B,23,53,55,96.3636,6,4,4
OpenMRS,GM,10B,24,53,55,96.3636,6,3,4
OpenMRS,GM,10B,25,53,55,96.3636,5,4,3
OpenMRS,GM,10B,26,53,55,96.3636,6,3,4
OpenMRS,GM,10B,27,53,55,96.3636,5,3,3
OpenMRS,GM,10B,28,53,55,96.3636,5,4,3
OpenMRS,GM,10B,29,53,55,96.3636,6,3,4
OpenMRS,GM,10B,30,53,55,96.3636,7,3,4
OpenMRS,GS,10B,1,53,55,96.3636,5,,5
OpenMRS,GS,10B,2,53,55,96.3636,4,,4
OpenMRS,GS,10B,3,53,55,96.3636,5,,5
OpenMRS,GS,10B,4,53,55,96.3636,5,,5
OpenMRS,GS,10B,5,53,55,96.3636,6,,6
OpenMRS,GS,10B,6,53,55,96.3636,4,,4
OpenMRS,GS,10B,7,53,55,96.3636,6,,6
OpenMRS,GS,10B,8,53,55,96.3636,5,,5
OpenMRS,GS,10B,9,53,55,96.3636,5,,5
OpenMRS,GS,10B,10,53,55,96.3636,5,,5
OpenMRS,GS,10B,11,53,55,96.3636,5,,5
OpenMRS,GS,10B,12,53,55,96.3636,4,,4
OpenMRS,GS,10B,13,53,55,96.3636,7,,7
OpenMRS,GS,10B,14,53,55,96.3636,4,,4
OpenMRS,GS,10B,15,53,55,96.3636,5,,5
OpenMRS,GS,10B,16,53,55,96.3636,6,,6
OpenMRS,GS,10B,17,53,55,96.3636,5,,5
OpenMRS,GS,10B,18,53,55,96.3636,5,,5
OpenMRS,GS,10B,19,53,55,96.3636,6,,6
OpenMRS,GS,10B,20,53,55,96.3636,5,,5
OpenMRS,GS,10B,21,53,55,96.3636,5,,5
OpenMRS,GS,10B,22,53,55,96.3636,5,,5
OpenMRS,GS,10B,23,53,55,96.3636,5,,5
OpenMRS,GS,10B,24,53,55,96.3636,6,,6
OpenMRS,GS,10B,25,53,55,96.3636,5,,5
OpenMRS,GS,10B,26,53,55,96.3636,5,,5
OpenMRS,GS,10B,27,53,55,96.3636,4,,4
OpenMRS,GS,10B,28,53,55,96.3636,5,,5
OpenMRS,GS,10B,29,53,55,96.3636,6,,6
OpenMRS,GS,10B,30,53,55,96.3636,6,,6
OpenMRS,SR,10B,1,29,55,52.7273,,,6
OpenMRS,SR,10B,2,30,55,54.5455,,,6
OpenMRS,SR,10B,3,30,55,54.5455,,,6
OpenMRS,SR,10B,4,30,55,54.5455,,,6
OpenMRS,SR,10B,5,31,55,56.3636,,,5
OpenMRS,SR,10B,6,29,55,52.7273,,,7
OpenMRS,SR,10B,7,30,55,54.5455,,,5
OpenMRS,SR,10B,8,29,55,52.7273,,,5
OpenMRS,SR,10B,9,30,55,54.5455,,,7
OpenMRS,SR,10B,10,30,55,54.5455,,,9
OpenMRS,SR,10B,11,29,55,52.7273,,,6
OpenMRS,SR,10B,12,29,55,52.7273,,,7
OpenMRS,SR,10B,13,30,55,54.5455,,,8
OpenMRS,SR,10B,14,29,55,52.7273,,,5
OpenMRS,SR,10B,15,29,55,52.7273,,,7
OpenMRS,SR,10B,16,29,55,52.7273,,,6
OpenMRS,SR,10B,17,30,55,54.5455,,,6
OpenMRS,SR,10B,18,30,55,54.5455,,,5
OpenMRS,SR,10B,19,30,55,54.5455,,,5
OpenMRS,SR,10B,20,29,55,52.7273,,,7
OpenMRS,SR,10B,21,29,55,52.7273,,,6
OpenMRS,SR,10B,22,29,55,52.7273,,,6
OpenMRS,SR,10B,23,30,55,54.5455,,,6
OpenMRS,SR,10B,24,31,55,56.3636,,,10
OpenMRS,SR,10B,25,30,55,54.5455,,,6
OpenMRS,SR,10B,26,31,55,56.3636,,,7
OpenMRS,SR,10B,27,30,55,54.5455,,,5
OpenMRS,SR,10B,28,29,55,52.7273,,,6
OpenMRS,SR,10B,29,31,55,56.3636,,,7
Spree,BRIDGE,10B,1,21,21,100.0,4,1,1
Spree,BRIDGE,10B,2,21,21,100.0,7,1,1
Spree,BRIDGE,10B,3,21,21,100.0,6,1,1
Spree,BRIDGE,10B,4,21,21,100.0,5,1,1
Spree,BRIDGE,10B,5,21,21,100.0,7,1,1
Spree,BRIDGE,10B,6,21,21,100.0,6,1,2
Spree,BRIDGE,10B,7,20,21,95.2381,6,1,1
Spree,BRIDGE,10B,8,21,21,100.0,6,1,1
Spree,BRIDGE,10B,9,21,21,100.0,4,1,2
Spree,BRIDGE,10B,10,21,21,100.0,3,1,1
Spree,BRIDGE,10B,11,20,21,95.2381,5,1,1
Spree,BRIDGE,10B,12,21,21,100.0,4,1,2
Spree,BRIDGE,10B,13,20,21,95.2381,5,1,1
Spree,BRIDGE,10B,14,21,21,100.0,6,1,2
Spree,BRIDGE,10B,15,21,21,100.0,6,1,1
Spree,BRIDGE,10B,16,20,21,95.2381,5,1,1
Spree,BRIDGE,10B,17,21,21,100.0,6,1,2
Spree,BRIDGE,10B,18,20,21,95.2381,4,1,1
Spree,BRIDGE,10B,19,21,21,100.0,6,1,2
Spree,BRIDGE,10B,20,21,21,100.0,6,1,2
Spree,BRIDGE,10B,21,21,21,100.0,4,1,1
Spree,BRIDGE,10B,22,21,21,100.0,6,1,2
Spree,BRIDGE,10B,23,21,21,100.0,6,1,1
Spree,BRIDGE,10B,24,20,21,95.2381,5,1,1
Spree,BRIDGE,10B,25,20,21,95.2381,5,1,1
Spree,BRIDGE,10B,26,21,21,100.0,2,1,2
Spree,BRIDGE,10B,27,20,21,95.2381,4,1,1
Spree,BRIDGE,10B,28,20,21,95.2381,3,1,1
Spree,BRIDGE,10B,29,21,21,100.0,7,1,1
Spree,BRIDGE,10B,30,21,21,100.0,5,1,2
Spree,GM,10B,1,16,21,76.1905,1,1,1
Spree,GM,10B,2,16,21,76.1905,2,2,2
Spree,GM,10B,3,16,21,76.1905,2,1,1
Spree,GM,10B,4,16,21,76.1905,1,2,1
Spree,GM,10B,5,16,21,76.1905,2,1,1
Spree,GM,10B,6,16,21,76.1905,2,1,1
Spree,GM,10B,7,16,21,76.1905,1,1,1
Spree,GM,10B,8,16,21,76.1905,1,1,1
Spree,GM,10B,9,16,21,76.1905,2,2,2
Spree,GM,10B,10,16,21,76.1905,2,1,1
Spree,GM,10B,11,16,21,76.1905,2,1,1
Spree,GM,10B,12,16,21,76.1905,2,1,1
Spree,GM,10B,13,16,21,76.1905,2,2,2
Spree,GM,10B,14,16,21,76.1905,1,1,1
Spree,GM,10B,15,16,21,76.1905,1,1,1
Spree,GM,10B,16,16,21,76.1905,1,2,1
Spree,GM,10B,17,16,21,76.1905,2,1,1
Spree,GM,10B,18,16,21,76.1905,2,2,2
Spree,GM,10B,19,16,21,76.1905,2,1,1
Spree,GM,10B,20,16,21,76.1905,1,2,1
Spree,GM,10B,21,16,21,76.1905,2,1,1
Spree,GM,10B,22,16,21,76.1905,2,2,2
Spree,GM,10B,23,16,21,76.1905,1,1,1
Spree,GM,10B,24,16,21,76.1905,1,1,1
Spree,GM,10B,25,16,21,76.1905,2,2,2
Spree,GM,10B,26,16,21,76.1905,2,1,1
Spree,GM,10B,27,16,21,76.1905,2,2,2
Spree,GM,10B,28,16,21,76.1905,1,2,1
Spree,GM,10B,29,16,21,76.1905,1,1,1
Spree,GM,10B,30,16,21,76.1905,2,2,2
Spree,GS,10B,1,16,21,76.1905,1,,1
Spree,GS,10B,2,16,21,76.1905,2,,2
Spree,GS,10B,3,16,21,76.1905,2,,2
Spree,GS,10B,4,16,21,76.1905,2,,2
Spree,GS,10B,5,16,21,76.1905,2,,2
Spree,GS,10B,6,16,21,76.1905,2,,2
Spree,GS,10B,7,16,21,76.1905,2,,2
Spree,GS,10B,8,16,21,76.1905,2,,2
Spree,GS,10B,9,16,21,76.1905,2,,2
Spree,GS,10B,10,16,21,76.1905,2,,2
Spree,GS,10B,11,16,21,76.1905,2,,2
Spree,GS,10B,12,16,21,76.1905,2,,2
Spree,GS,10B,13,16,21,76.1905,2,,2
Spree,GS,10B,14,16,21,76.1905,2,,2
Spree,GS,10B,15,16,21,76.1905,2,,2
Spree,GS,10B,16,16,21,76.1905,2,,2
Spree,GS,10B,17,16,21,76.1905,2,,2
Spree,GS,10B,18,16,21,76.1905,2,,2
Spree,GS,10B,19,16,21,76.1905,1,,1
Spree,GS,10B,20,16,21,76.1905,2,,2
Spree,GS,10B,21,16,21,76.1905,2,,2
Spree,GS,10B,22,16,21,76.1905,2,,2
Spree,GS,10B,23,16,21,76.1905,2,,2
Spree,GS,10B,24,16,21,76.1905,2,,2
Spree,GS,10B,25,16,21,76.1905,2,,2
Spree,GS,10B,26,16,21,76.1905,1,,1
Spree,GS,10B,27,16,21,76.1905,2,,2
Spree,GS,10B,28,16,21,76.1905,2,,2
Spree,GS,10B,29,16,21,76.1905,2,,2
Spree,GS,10B,30,16,21,76.1905,1,,1
Spree,SR,10B,1,16,21,76.1905,,,3
Spree,SR,10B,2,16,21,76.1905,,,2
Spree,SR,10B,3,16,21,76.1905,,,3
Spree,SR,10B,4,16,21,76.1905,,,4
Spree,SR,10B,5,16,21,76.1905,,,4
Spree,SR,10B,6,16,21,76.1905,,,2
Spree,SR,10B,7,16,21,76.1905,,,3
Spree,SR,10B,8,16,21,76.1905,,,2
Spree,SR,10B,9,16,21,76.1905,,,3
Spree,SR,10B,10,16,21,76.1905,,,2
Spree,SR,10B,11,16,21,76.1905,,,4
Spree,SR,10B,12,16,21,76.1905,,,3
Spree,SR,10B,13,16,21,76.1905,,,3
Spree,SR,10B,14,16,21,76.1905,,,2
Spree,SR,10B,15,16,21,76.1905,,,3
Spree,SR,10B,16,16,21,76.1905,,,3
Spree,SR,10B,17,16,21,76.1905,,,3
Spree,SR,10B,18,16,21,76.1905,,,2
Spree,SR,10B,19,16,21,76.1905,,,4
Spree,SR,10B,20,16,21,76.1905,,,3
Spree,SR,10B,21,16,21,76.1905,,,3
Spree,SR,10B,22,16,21,76.1905,,,4
Spree,SR,10B,23,16,21,76.1905,,,3
Spree,SR,10B,24,16,21,76.1905,,,3
Spree,SR,10B,25,16,21,76.1905,,,2
Spree,SR,10B,26,16,21,76.1905,,,3
Spree,SR,10B,27,16,21,76.1905,,,4
Spree,SR,10B,28,16,21,76.1905,,,4
Spree,SR,10B,29,16,21,76.1905,,,4
Spree,SR,10B,30,16,21,76.1905,,,3
